"    Luis";Luis
"    Leonie";Leonie
"    François";François
"    Bjørn";Bjørn
"    František";František
"    Helena";Helena
"    Astrid";Astrid
"    Daan";Daan
"    Kara";Kara
"    Eduardo";Eduardo
"    Alexandre";Alexandre
"    Roberto";Roberto
"    Fernanda";Fernanda
"    Mark";Mark
"    Jennifer";Jennifer
"    Frank";Frank
"    Jack";Jack
"    Michelle";Michelle
"    Tim";Tim
"    Dan";Dan
"    Kathy";Kathy
"    Heather";Heather
"    John";John
"    Frank";Frank
"    Victor";Victor
"    Richard";Richard
"    Patrick";Patrick
"    Julia";Julia
"    Robert";Robert
"    Edward";Edward
"    Martha";Martha
"    Aaron";Aaron
"    Ellie";Ellie
"    João";João
"    Madalena";Madalena
"    Hannah";Hannah
"    Fynn";Fynn
"    Niklas";Niklas
"    Camille";Camille
"    Dominique";Dominique
"    Marc";Marc
"    Wyatt";Wyatt
"    Isabelle";Isabelle
"    Terhi";Terhi
"    Ladislav";Ladislav
"    Hugh";Hugh
"    Lucas";Lucas
"    Johannes";Johannes
"    Stanisław";Stanisław
"    Enrique";Enrique
"    Joakim";Joakim
"    Emma";Emma
"    Phil";Phil
"    Steve";Steve
"    Mark";Mark
"    Diego";Diego
"    Luis";Luis
"    Manoj";Manoj
"    Puja";Puja
