"Cruz    ";Cruz
"Köhler    ";Köhler
"Tremblay    ";Tremblay
"Hansen    ";Hansen
"Wichterlová    ";Wichterlová
"Holý    ";Holý
"Gruber    ";Gruber
"Peeters    ";Peeters
"Nielsen    ";Nielsen
"Martins    ";Martins
"Rocha    ";Rocha
"Almeida    ";Almeida
"Ramos    ";Ramos
"Philips    ";Philips
"Peterson    ";Peterson
"Harris    ";Harris
"Smith    ";Smith
"Brooks    ";Brooks
"Goyer    ";Goyer
"Miller    ";Miller
"Chase    ";Chase
"Leacock    ";Leacock
"Gordon    ";Gordon
"Ralston    ";Ralston
"Stevens    ";Stevens
"Cunningham    ";Cunningham
"Gray    ";Gray
"Barnett    ";Barnett
"Brown    ";Brown
"Francis    ";Francis
"Silk    ";Silk
"Mitchell    ";Mitchell
"Sullivan    ";Sullivan
"Fernandes    ";Fernandes
"Sampaio    ";Sampaio
"Schneider    ";Schneider
"Zimmermann    ";Zimmermann
"Schröder    ";Schröder
"Bernard    ";Bernard
"Lefebvre    ";Lefebvre
"Dubois    ";Dubois
"Girard    ";Girard
"Mercier    ";Mercier
"Hämäläinen    ";Hämäläinen
"Kovács    ";Kovács
"O'Reilly    ";O'Reilly
"Mancini    ";Mancini
"Van der Berg    ";Van der Berg
"Wójcik    ";Wójcik
"Muñoz    ";Muñoz
"Johansson    ";Johansson
"Jones    ";Jones
"Hughes    ";Hughes
"Murray    ";Murray
"Taylor    ";Taylor
"Gutiérrez    ";Gutiérrez
"Rojas    ";Rojas
"Pareek    ";Pareek
"Srivastava    ";Srivastava
