1;Luís;Gonçalves;luisg@embraer.com.br
2;Leonie;Köhler;leonekohler@surfeu.de
3;François;Tremblay;ftremblay@gmail.com
4;Bjørn;Hansen;bjorn.hansen@yahoo.no
5;František;Wichterlová;frantisekw@jetbrains.com
6;Helena;Holý;hholy@gmail.com
7;Astrid;Gruber;astrid.gruber@apple.at
8;Daan;Peeters;daan_peeters@apple.be
9;Kara;Nielsen;kara.nielsen@jubii.dk
10;Eduardo;Martins;eduardo@woodstock.com.br
11;Alexandre;Rocha;alero@uol.com.br
12;Roberto;Almeida;roberto.almeida@riotur.gov.br
13;Fernanda;Ramos;fernadaramos4@uol.com.br
14;Mark;Philips;mphilips12@shaw.ca
15;Jennifer;Peterson;jenniferp@rogers.ca
16;Frank;Harris;fharris@google.com
17;Jack;Smith;jacksmith@microsoft.com
18;Michelle;Brooks;michelleb@aol.com
19;Tim;Goyer;tgoyer@apple.com
20;Dan;Miller;dmiller@comcast.com
21;Kathy;Chase;kachase@hotmail.com
22;Heather;Leacock;hleacock@gmail.com
23;John;Gordon;johngordon22@yahoo.com
24;Frank;Ralston;fralston@gmail.com
25;Victor;Stevens;vstevens@yahoo.com
26;Richard;Cunningham;ricunningham@hotmail.com
27;Patrick;Gray;patrick.gray@aol.com
28;Julia;Barnett;jubarnett@gmail.com
29;Robert;Brown;robbrown@shaw.ca
30;Edward;Francis;edfrancis@yachoo.ca
31;Martha;Silk;marthasilk@gmail.com
32;Aaron;Mitchell;aaronmitchell@yahoo.ca
33;Ellie;Sullivan;ellie.sullivan@shaw.ca
34;João;Fernandes;jfernandes@yahoo.pt
35;Madalena;Sampaio;masampaio@sapo.pt
36;Hannah;Schneider;hannah.schneider@yahoo.de
37;Fynn;Zimmermann;fzimmermann@yahoo.de
38;Niklas;Schröder;nschroder@surfeu.de
39;Camille;Bernard;camille.bernard@yahoo.fr
40;Dominique;Lefebvre;dominiquelefebvre@gmail.com
41;Marc;Dubois;marc.dubois@hotmail.com
42;Wyatt;Girard;wyatt.girard@yahoo.fr
43;Isabelle;Mercier;isabelle_mercier@apple.fr
44;Terhi;Hämäläinen;terhi.hamalainen@apple.fi
45;Ladislav;Kovács;ladislav_kovacs@apple.hu
46;Hugh;O'Reilly;hughoreilly@apple.ie
47;Lucas;Mancini;lucas.mancini@yahoo.it
48;Johannes;Van der Berg;johavanderberg@yahoo.nl
49;Stanisław;Wójcik;stanisław.wójcik@wp.pl
50;Enrique;Muñoz;enrique_munoz@yahoo.es
51;Joakim;Johansson;joakim.johansson@yahoo.se
52;Emma;Jones;emma_jones@hotmail.com
53;Phil;Hughes;phil.hughes@gmail.com
54;Steve;Murray;steve.murray@yahoo.uk
55;Mark;Taylor;mark.taylor@yahoo.au
56;Diego;Gutiérrez;diego.gutierrez@yahoo.ar
57;Luis;Rojas;luisrojas@yahoo.cl
58;Manoj;Pareek;manoj.pareek@rediff.com
59;Puja;Srivastava;puja_srivastava@yahoo.in
